id,first_name,last_name,email,gender,ip_address
1,Eddi,Rakestraw,erakestraw0@networkadvertising.org,Bigender,194.7.166.72
2,Javier,Lyndon,jlyndon1@squarespace.com,Female,90.237.1.22
3,Missy,Matyugin,mmatyugin2@yolasite.com,Non-binary,64.18.171.157
4,Joelie,Rankcom,jrankcom3@redcross.org,Polygender,223.14.140.106
5,Cordie,Kohnert,ckohnert4@blinklist.com,Female,249.221.111.132
6,Minne,Sahlstrom,msahlstrom5@weather.com,Genderfluid,136.230.167.75
7,Amalia,Crippin,acrippin6@purevolume.com,Genderqueer,226.144.48.45
8,Lyle,Law,llaw7@berkeley.edu,Genderfluid,94.199.78.149
9,Ruthie,Brompton,rbrompton8@weebly.com,Polygender,204.185.28.40
10,Jillayne,Augur,jaugur9@amazon.co.uk,Non-binary,39.161.63.255
11,Alano,Elster,aelstera@ezinearticles.com,Male,146.93.146.156
12,Gilberto,Trimming,gtrimmingb@answers.com,Non-binary,109.96.10.10
13,Martguerita,Berrane,mberranec@desdev.cn,Bigender,30.194.197.245
14,Konstanze,Quincey,kquinceyd@youtu.be,Genderfluid,146.154.91.165
15,Wade,Keyzman,wkeyzmane@parallels.com,Bigender,78.229.168.109
16,Tabby,Davern,tdavernf@tmall.com,Female,222.21.199.227
17,Hyacinthe,Paddie,hpaddieg@mapy.cz,Male,216.49.132.112
18,Anastassia,Marages,amaragesh@vinaora.com,Agender,67.122.218.243
19,Bronnie,Fontenot,bfontenoti@sogou.com,Polygender,167.111.24.157
20,Ugo,Terrett,uterrettj@discuz.net,Polygender,151.120.145.70
21,Clerissa,Lared,claredk@opera.com,Agender,38.242.222.56
22,Pepi,Torvey,ptorveyl@blogs.com,Polygender,203.208.165.20
23,Avrit,Swyer,aswyerm@tuttocitta.it,Agender,61.244.224.37
24,Theadora,Tenby,ttenbyn@reverbnation.com,Bigender,106.216.2.160
25,Zorana,Benjefield,zbenjefieldo@time.com,Bigender,132.237.211.18
26,Charil,Antowski,cantowskip@unblog.fr,Polygender,223.8.129.119
27,Karalee,Lacheze,klachezeq@samsung.com,Bigender,253.151.62.8
28,Clary,Finlayson,cfinlaysonr@4shared.com,Polygender,152.77.115.29
29,Jedd,Pikhno,jpikhnos@nytimes.com,Agender,43.197.225.157
30,Ashlie,Waadenburg,awaadenburgt@netlog.com,Genderqueer,8.33.45.175
31,Merrick,Meagher,mmeagheru@guardian.co.uk,Female,224.212.14.255
32,Audi,Cubbon,acubbonv@disqus.com,Female,238.56.209.78
33,Oby,Ioannou,oioannouw@jalbum.net,Female,123.7.97.165
34,Renata,MacConnulty,rmacconnultyx@a8.net,Agender,242.80.33.107
35,Pamela,Andrich,pandrichy@goo.gl,Male,246.157.139.148
36,Teresina,Nuth,tnuthz@wufoo.com,Non-binary,177.169.75.108
37,Christoph,Bolt,cbolt10@geocities.com,Female,110.1.153.228
38,Melisa,Cosham,mcosham11@rambler.ru,Genderfluid,102.238.246.61
39,Elsi,Stirley,estirley12@squarespace.com,Male,18.128.172.151
40,Cindie,Teasell,cteasell13@themeforest.net,Male,115.68.72.124
41,Tanny,Genner,tgenner14@over-blog.com,Female,130.4.218.227
42,Dulce,Bellamy,dbellamy15@vimeo.com,Male,29.34.229.231
43,Zea,McCrostie,zmccrostie16@statcounter.com,Male,140.78.118.21
44,Trixi,Ellicock,tellicock17@nyu.edu,Genderqueer,158.82.194.128
45,Pippa,Brittoner,pbrittoner18@opensource.org,Agender,2.136.148.129
46,Rosalind,Cowx,rcowx19@arstechnica.com,Bigender,151.177.146.88
47,Dita,Simoens,dsimoens1a@psu.edu,Agender,167.140.228.97
48,Hope,Ales0,hales1b@tuttocitta.it,Agender,52.226.13.246
49,Alfy,Faulder,afaulder1c@eventbrite.com,Agender,239.201.13.43
50,Gualterio,Byrth,gbyrth1d@aboutads.info,Polygender,198.246.28.170
51,Vlad,Van Arsdall,vvanarsdall1e@sitemeter.com,Bigender,115.216.35.178
52,Frederic,Jaffray,fjaffray1f@umich.edu,Polygender,47.200.109.0
53,Hendrik,Bonick,hbonick1g@deviantart.com,Polygender,142.132.185.68
54,Darcie,Juszczyk,djuszczyk1h@google.es,Male,253.188.9.255
55,Fae,Wrixon,fwrixon1i@google.com.au,Agender,114.186.27.159
56,Ludovika,Plowman,lplowman1j@tuttocitta.it,Non-binary,247.139.187.73
57,Weber,Dureden,wdureden1k@networkadvertising.org,Bigender,67.69.126.97
58,Pablo,Dowell,pdowell1l@flickr.com,Female,236.157.68.129
59,Ricoriki,Spacie,rspacie1m@goo.ne.jp,Genderfluid,105.32.50.178
60,Riva,Roels,rroels1n@behance.net,Polygender,193.189.79.208
61,Beck,Laneham,blaneham1o@tiny.cc,Agender,7.95.105.176
62,Gaspar,Batterton,gbatterton1p@unc.edu,Bigender,71.86.116.90
63,Maggi,Oleszkiewicz,moleszkiewicz1q@accuweather.com,Genderfluid,234.155.172.152
64,Elvina,Rohloff,erohloff1r@google.pl,Polygender,43.229.83.255
65,Reba,Futter,rfutter1s@comcast.net,Genderfluid,39.252.50.195
66,Brittne,Yemm,byemm1t@discuz.net,Non-binary,180.126.178.189
67,Dierdre,Dobney,ddobney1u@google.com.au,Polygender,71.164.206.154
68,Ulrika,Izsak,uizsak1v@mayoclinic.com,Bigender,47.218.108.29
69,Uri,Tremouille,utremouille1w@foxnews.com,Agender,252.234.62.183
70,Papageno,Kalinsky,pkalinsky1x@businessweek.com,Bigender,205.185.161.49
71,Turner,Angier,tangier1y@go.com,Genderqueer,20.221.183.196
72,Dillie,Atcheson,datcheson1z@amazon.co.uk,Polygender,152.35.61.229
73,Chandal,Briscoe,cbriscoe20@google.com,Bigender,241.223.85.41
74,Lock,Hastwall,lhastwall21@flickr.com,Polygender,173.106.68.63
75,Brandais,Mannakee,bmannakee22@independent.co.uk,Bigender,59.58.133.137
76,Malachi,Beamont,mbeamont23@sina.com.cn,Polygender,206.230.129.241
77,Tess,Gjerde,tgjerde24@virginia.edu,Polygender,231.22.11.176
78,Kelvin,Shadrack,kshadrack25@ibm.com,Genderfluid,111.7.201.187
79,Jabez,Legat,jlegat26@army.mil,Polygender,225.50.238.19
80,Drud,Lamberteschi,dlamberteschi27@oracle.com,Polygender,40.195.194.74
81,Sutton,Le Floch,slefloch28@blogspot.com,Non-binary,214.76.217.17
82,Erica,Bea,ebea29@people.com.cn,Bigender,1.27.83.1
83,Dorotea,Breese,dbreese2a@instagram.com,Bigender,74.115.9.208
84,Ole,Howship,ohowship2b@accuweather.com,Bigender,75.157.5.139
85,Kim,Cowpland,kcowpland2c@ebay.co.uk,Genderqueer,13.38.74.201
86,Cobby,Grove,cgrove2d@networkadvertising.org,Bigender,249.191.141.127
87,Agatha,Maxstead,amaxstead2e@bigcartel.com,Non-binary,70.155.222.247
88,Tisha,Shiers,tshiers2f@bloglines.com,Genderqueer,224.46.93.43
89,Terry,Orans,torans2g@qq.com,Female,16.104.191.106
90,Kelli,Kembley,kkembley2h@mtv.com,Non-binary,82.249.16.146
91,Johann,Gartside,jgartside2i@cafepress.com,Non-binary,15.76.79.166
92,May,Pattrick,mpattrick2j@ted.com,Female,246.125.51.175
93,Hetti,Philippard,hphilippard2k@vistaprint.com,Genderfluid,122.174.49.248
94,Gertrude,Klejin,gklejin2l@ocn.ne.jp,Agender,29.162.165.152
95,Rania,Cairney,rcairney2m@gmpg.org,Polygender,115.241.110.216
96,Lesly,Evans,levans2n@reverbnation.com,Polygender,227.121.120.250
97,Abbe,Eallis,aeallis2o@toplist.cz,Bigender,33.51.43.37
98,Shannon,Charlick,scharlick2p@fema.gov,Bigender,52.70.120.135
99,Calv,Hardie,chardie2q@wikimedia.org,Male,196.140.187.69
100,Gayleen,Mawby,gmawby2r@over-blog.com,Agender,163.11.76.0
101,Elane,Rustidge,erustidge2s@tripadvisor.com,Bigender,200.169.34.231
102,Kevon,Cone,kcone2t@canalblog.com,Male,9.105.59.103
103,Terri,Surgison,tsurgison2u@canalblog.com,Male,7.233.120.202
104,Giacopo,Mainstone,gmainstone2v@de.vu,Genderfluid,199.115.222.51
105,Cara,Creeboe,ccreeboe2w@usda.gov,Male,91.162.49.196
106,Adina,Ransley,aransley2x@wired.com,Non-binary,37.94.254.29
107,Bethina,Showering,bshowering2y@oaic.gov.au,Agender,40.203.227.34
108,Ana,Sallans,asallans2z@ihg.com,Genderqueer,6.185.139.73
109,Neil,Millwall,nmillwall30@slashdot.org,Non-binary,8.27.66.221
110,Darsie,Bengle,dbengle31@prnewswire.com,Genderfluid,51.172.37.166
111,Sadella,De Angelis,sdeangelis32@photobucket.com,Agender,55.106.148.146
112,Meredeth,Noice,mnoice33@illinois.edu,Agender,55.178.212.92
113,Paxton,Doige,pdoige34@ed.gov,Female,246.195.192.50
114,Margot,People,mpeople35@gmpg.org,Bigender,84.124.24.139
115,Karina,Cramer,kcramer36@canalblog.com,Agender,15.229.90.229
116,Celestina,Pleming,cpleming37@nationalgeographic.com,Genderqueer,231.242.151.78
117,Mandel,Hutley,mhutley38@discovery.com,Polygender,183.236.109.200
118,Marnia,Dilnot,mdilnot39@pagesperso-orange.fr,Bigender,37.141.148.128
119,Lacie,Midlar,lmidlar3a@vinaora.com,Non-binary,84.253.15.167
120,Candace,Traynor,ctraynor3b@sitemeter.com,Genderqueer,187.81.215.249
121,Thayne,Pyott,tpyott3c@domainmarket.com,Agender,207.122.161.166
122,Mannie,Pobjoy,mpobjoy3d@gnu.org,Agender,109.167.144.45
123,Gran,Laban,glaban3e@mapquest.com,Male,120.20.199.91
124,Reggi,Maciaszek,rmaciaszek3f@seattletimes.com,Female,11.7.3.198
125,Roddy,Navarijo,rnavarijo3g@linkedin.com,Genderfluid,240.106.91.103
126,Eolanda,Attew,eattew3h@nps.gov,Genderqueer,28.109.255.220
127,Malia,Hague,mhague3i@dropbox.com,Female,33.111.240.138
128,Cristal,Chasmer,cchasmer3j@wordpress.org,Female,222.11.100.62
129,Sibby,Churches,schurches3k@nih.gov,Polygender,162.94.178.156
130,Wally,Yeskin,wyeskin3l@elpais.com,Genderfluid,219.238.195.125
131,Marcile,Meigh,mmeigh3m@people.com.cn,Polygender,87.148.252.211
132,Devi,Earland,dearland3n@soundcloud.com,Agender,78.247.125.92
133,Wes,Dowdeswell,wdowdeswell3o@earthlink.net,Genderqueer,6.178.151.152
134,Suzann,Elsmor,selsmor3p@unesco.org,Male,28.123.52.14
135,Livvy,Hunnawill,lhunnawill3q@tripadvisor.com,Male,78.247.27.218
136,Sheffie,Gall,sgall3r@vinaora.com,Agender,92.227.234.173
137,Lela,Heeron,lheeron3s@webnode.com,Male,76.34.40.245
138,Tiebold,Tilmouth,ttilmouth3t@mapy.cz,Female,38.16.107.56
139,Sande,Midden,smidden3u@printfriendly.com,Agender,111.236.208.197
140,Raynor,Bodicum,rbodicum3v@purevolume.com,Non-binary,187.136.49.251
141,Dulce,Strong,dstrong3w@flavors.me,Agender,253.125.25.147
142,Bernice,Hyndley,bhyndley3x@webnode.com,Polygender,204.157.100.30
143,Xenia,Wedon,xwedon3y@hc360.com,Bigender,243.171.12.86
144,Vania,Cannaway,vcannaway3z@arstechnica.com,Male,69.154.16.142
145,Audre,Dary,adary40@opensource.org,Female,76.85.27.254
146,Hugo,Iannuzzi,hiannuzzi41@skyrock.com,Agender,165.65.83.77
147,Rhett,Stillgoe,rstillgoe42@who.int,Non-binary,14.174.160.153
148,Holt,Plumbley,hplumbley43@merriam-webster.com,Female,133.222.109.97
149,Emilia,Jaqueminet,ejaqueminet44@ameblo.jp,Bigender,47.18.1.2
150,Analiese,Galiford,agaliford45@google.fr,Genderqueer,81.11.244.132
151,Gerta,Thorns,gthorns46@discuz.net,Male,23.113.19.112
152,Gayla,Ames,games47@prnewswire.com,Female,41.33.199.5
153,Angelico,Foat,afoat48@ucoz.ru,Agender,155.80.86.184
154,Ileana,Kitt,ikitt49@independent.co.uk,Female,180.126.35.197
155,Larry,Kenyon,lkenyon4a@example.com,Genderfluid,57.139.183.95
156,Donielle,Selwyn,dselwyn4b@sourceforge.net,Female,210.89.118.114
157,Franzen,Westmancoat,fwestmancoat4c@bloglovin.com,Bigender,58.150.111.3
158,Adan,Seiffert,aseiffert4d@eepurl.com,Genderqueer,29.158.62.149
159,Lissie,Mannin,lmannin4e@upenn.edu,Female,154.143.225.129
160,Margaux,Parkman,mparkman4f@google.com.au,Polygender,99.243.233.0
161,Meade,Hryniewicz,mhryniewicz4g@nba.com,Genderfluid,254.215.104.90
162,Mayne,Van,mvan4h@addthis.com,Agender,71.84.81.254
163,Vere,Willmont,vwillmont4i@elegantthemes.com,Female,176.82.125.200
164,Teodorico,Lionel,tlionel4j@va.gov,Polygender,181.250.253.249
165,Natale,Fairy,nfairy4k@cdbaby.com,Genderqueer,251.24.146.72
166,Skylar,Abbado,sabbado4l@tripod.com,Polygender,54.91.97.139
167,Crista,O' Kelleher,cokelleher4m@sbwire.com,Bigender,239.234.22.75
168,Glory,Heminsley,gheminsley4n@liveinternet.ru,Genderfluid,78.120.72.173
169,Giovanna,McGriele,gmcgriele4o@pcworld.com,Genderqueer,189.243.65.156
170,Kristofer,Courcey,kcourcey4p@imdb.com,Male,16.143.254.242
171,Heall,Norton,hnorton4q@t-online.de,Male,188.22.215.83
172,Mathilde,Sterry,msterry4r@usa.gov,Non-binary,37.84.140.135
173,Herb,Pocke,hpocke4s@goo.gl,Male,123.124.21.93
174,Brynn,Ivakin,bivakin4t@dailymotion.com,Polygender,57.157.122.232
175,Harald,Clifford,hclifford4u@pbs.org,Female,11.164.156.158
176,Griselda,Folliss,gfolliss4v@imgur.com,Agender,11.148.224.245
177,Zora,Garth,zgarth4w@tinypic.com,Bigender,210.9.211.127
178,Athena,Jemison,ajemison4x@ning.com,Male,144.114.67.14
179,Arney,Fishbourne,afishbourne4y@baidu.com,Non-binary,138.37.217.197
180,Janeen,Beattie,jbeattie4z@fc2.com,Female,118.98.131.76
181,Madelle,Twydell,mtwydell50@flickr.com,Male,195.161.86.214
182,Emanuel,Cresar,ecresar51@nationalgeographic.com,Agender,229.227.238.192
183,Fionnula,MacElroy,fmacelroy52@businesswire.com,Agender,143.84.236.181
184,Wildon,Bizley,wbizley53@amazonaws.com,Non-binary,129.77.144.243
185,Fanny,Gwyther,fgwyther54@admin.ch,Male,67.173.233.10
186,Brinn,Rosbotham,brosbotham55@addthis.com,Non-binary,13.50.233.237
187,Jeromy,Mewe,jmewe56@weibo.com,Genderqueer,71.36.139.236
188,Eleonore,Rooke,erooke57@dedecms.com,Bigender,27.111.77.132
189,Clarissa,Derisley,cderisley58@comsenz.com,Non-binary,8.124.118.247
190,Shea,Champe,schampe59@elpais.com,Non-binary,0.166.99.242
191,Peggi,Adams,padams5a@vinaora.com,Genderqueer,71.119.229.253
192,Greer,Sowersby,gsowersby5b@nytimes.com,Female,99.56.144.126
193,Gina,Jobes,gjobes5c@dot.gov,Agender,64.148.74.32
194,Rock,Duckerin,rduckerin5d@pcworld.com,Bigender,6.97.164.146
195,Lorene,Darrigone,ldarrigone5e@accuweather.com,Genderfluid,139.49.240.188
196,Nedi,Bowton,nbowton5f@prweb.com,Non-binary,106.131.197.127
197,Nolie,Wadeling,nwadeling5g@woothemes.com,Male,90.68.207.6
198,Thadeus,Dixson,tdixson5h@plala.or.jp,Agender,32.230.94.103
199,Tasia,Cadge,tcadge5i@live.com,Non-binary,172.12.217.185
200,Noreen,Jales,njales5j@flavors.me,Genderqueer,227.38.171.94
201,Ignatius,Slayton,islayton5k@cornell.edu,Non-binary,20.92.19.209
202,Rubina,Dawdry,rdawdry5l@home.pl,Male,146.140.53.196
203,Jessika,Brecon,jbrecon5m@altervista.org,Polygender,109.249.102.134
204,Keir,Segar,ksegar5n@oracle.com,Genderqueer,0.106.98.75
205,Del,Baal,dbaal5o@sun.com,Polygender,38.220.166.106
206,Rustin,Rushton,rrushton5p@google.co.jp,Agender,184.96.146.89
207,Rora,Greenman,rgreenman5q@wix.com,Genderfluid,119.237.15.90
208,Northrup,Imlock,nimlock5r@ed.gov,Genderqueer,38.189.23.150
209,Ulric,Gregor,ugregor5s@pcworld.com,Non-binary,231.64.196.37
210,Martica,Dicken,mdicken5t@umich.edu,Non-binary,14.92.63.246
211,Janis,Neubigin,jneubigin5u@nsw.gov.au,Agender,207.12.148.72
212,Bartholomeo,Seear,bseear5v@list-manage.com,Female,222.173.90.229
213,Rufe,Barde,rbarde5w@sciencedaily.com,Female,0.232.134.165
214,Ann-marie,Gallardo,agallardo5x@businessinsider.com,Male,104.55.72.213
215,Brent,Emes,bemes5y@nyu.edu,Genderfluid,254.105.169.160
216,Arlyn,Julien,ajulien5z@smh.com.au,Non-binary,55.73.171.43
217,Nil,Di Roberto,ndiroberto60@washingtonpost.com,Male,165.128.19.198
218,Barbara-anne,Reuven,breuven61@hhs.gov,Non-binary,176.226.147.25
219,Jemima,Bonson,jbonson62@xrea.com,Non-binary,197.77.253.85
220,Reina,Clandillon,rclandillon63@cbsnews.com,Polygender,137.227.32.186
221,Ferdinanda,Dunbavin,fdunbavin64@thetimes.co.uk,Genderfluid,153.42.14.245
222,Eydie,Malloch,emalloch65@fda.gov,Bigender,164.246.114.107
223,Cindie,Bultitude,cbultitude66@mozilla.org,Agender,38.246.188.251
224,Kathie,Thackeray,kthackeray67@dailymail.co.uk,Genderfluid,205.205.55.82
225,Morton,Kepling,mkepling68@yolasite.com,Bigender,40.221.41.136
226,Rikki,Scadden,rscadden69@bigcartel.com,Genderfluid,47.8.47.8
227,Shanie,Sambells,ssambells6a@google.es,Genderfluid,25.186.198.68
228,Lindy,Baish,lbaish6b@tinypic.com,Genderqueer,134.217.176.205
229,Shamus,Withrop,swithrop6c@xrea.com,Female,120.105.44.172
230,Pat,Giovannoni,pgiovannoni6d@instagram.com,Male,98.3.80.218
231,Dollie,Macci,dmacci6e@hp.com,Polygender,16.130.137.22
232,Erica,McCurry,emccurry6f@vinaora.com,Male,158.140.148.237
233,Duffy,McClymond,dmcclymond6g@biglobe.ne.jp,Male,236.176.121.237
234,Ad,Derobert,aderobert6h@woothemes.com,Female,221.63.49.23
235,Maureene,Rollin,mrollin6i@homestead.com,Bigender,159.169.76.78
236,Tine,Crosby,tcrosby6j@hhs.gov,Genderfluid,226.210.237.57
237,Dot,Eickhoff,deickhoff6k@umich.edu,Female,55.120.230.196
238,Michele,Bonick,mbonick6l@i2i.jp,Female,2.100.161.166
239,Cort,Summerley,csummerley6m@sourceforge.net,Male,111.2.9.193
240,Ursuline,Fynan,ufynan6n@mit.edu,Agender,236.8.67.77
241,Astrid,Krysztofowicz,akrysztofowicz6o@shop-pro.jp,Polygender,163.252.236.87
242,Frederica,Cosans,fcosans6p@mediafire.com,Genderfluid,34.205.4.17
243,Barb,Ashton,bashton6q@columbia.edu,Female,75.148.51.53
244,Agosto,Pere,apere6r@wordpress.org,Agender,183.166.3.61
245,Faulkner,Louche,flouche6s@bluehost.com,Genderfluid,201.119.98.218
246,Cassie,Booker,cbooker6t@globo.com,Non-binary,207.2.207.161
247,Major,Samways,msamways6u@mashable.com,Agender,87.49.81.195
248,Fidole,Littleover,flittleover6v@state.gov,Female,187.139.47.32
249,Kimbell,Budleigh,kbudleigh6w@hexun.com,Non-binary,117.253.56.247
250,Rube,Kittiman,rkittiman6x@google.com.au,Agender,112.37.16.188
251,Alvy,Apfler,aapfler6y@arizona.edu,Agender,135.68.31.217
252,Viva,Gatecliffe,vgatecliffe6z@surveymonkey.com,Male,237.172.180.130
253,Lenee,Szymanowicz,lszymanowicz70@yandex.ru,Bigender,101.50.59.226
254,Fae,Dell,fdell71@webmd.com,Male,47.1.147.48
255,Prudy,Ivetts,pivetts72@globo.com,Genderqueer,72.19.19.52
256,Adoree,Ivakhnov,aivakhnov73@examiner.com,Bigender,100.67.97.206
257,Yank,Ellesworthe,yellesworthe74@mysql.com,Agender,254.135.6.91
258,Jordanna,Knoles,jknoles75@va.gov,Genderqueer,155.194.57.218
259,Noe,Oxx,noxx76@nymag.com,Genderfluid,173.88.178.55
260,Erik,Jehaes,ejehaes77@qq.com,Genderfluid,189.223.30.35
261,Ambros,Pittham,apittham78@ucla.edu,Bigender,48.66.226.10
262,Marijo,Lackington,mlackington79@oracle.com,Female,119.252.121.167
263,Jenilee,Clifforth,jclifforth7a@time.com,Genderqueer,97.244.146.248
264,Giuseppe,Hares,ghares7b@google.com.hk,Female,182.20.100.15
265,Andy,Kaser,akaser7c@nhs.uk,Female,159.182.209.153
266,Rosina,Priel,rpriel7d@mac.com,Non-binary,95.64.22.114
267,Filippo,Marvelley,fmarvelley7e@desdev.cn,Non-binary,86.106.81.61
268,Ed,Freckingham,efreckingham7f@samsung.com,Female,34.44.232.97
269,Tabbie,Colvine,tcolvine7g@hatena.ne.jp,Non-binary,224.249.239.65
270,Lelah,MacDougal,lmacdougal7h@nhs.uk,Female,252.62.44.153
271,Pat,Raftery,praftery7i@google.de,Female,216.1.106.183
272,Chere,Everett,ceverett7j@hostgator.com,Non-binary,48.179.71.62
273,Mitzi,Stiffkins,mstiffkins7k@narod.ru,Non-binary,160.62.236.58
274,Margarethe,Nevins,mnevins7l@cnet.com,Male,126.228.210.196
275,Cynthie,Whinney,cwhinney7m@ustream.tv,Polygender,242.153.0.53
276,Prisca,McVey,pmcvey7n@photobucket.com,Female,119.169.126.31
277,Leona,Bampford,lbampford7o@de.vu,Genderfluid,64.121.143.64
278,Alfi,Starkie,astarkie7p@soup.io,Agender,48.15.47.248
279,Marie,Gostick,mgostick7q@spiegel.de,Male,182.233.62.29
280,Ric,Carreyette,rcarreyette7r@businessweek.com,Bigender,83.152.176.168
281,Adrea,Jantot,ajantot7s@posterous.com,Polygender,142.127.88.34
282,Ann-marie,Smeaton,asmeaton7t@networksolutions.com,Genderfluid,46.173.72.39
283,Brand,Bowdidge,bbowdidge7u@cnn.com,Genderfluid,28.246.61.11
284,Dukey,Osband,dosband7v@php.net,Bigender,87.76.148.138
285,Charyl,Dymidowicz,cdymidowicz7w@omniture.com,Genderfluid,91.207.37.44
286,Riley,McConway,rmcconway7x@discuz.net,Female,107.106.67.46
287,Sandy,Heak,sheak7y@example.com,Genderfluid,46.13.188.146
288,Daryl,Fruser,dfruser7z@ihg.com,Agender,114.73.110.151
289,Gordy,Syddall,gsyddall80@yahoo.co.jp,Male,33.92.73.182
290,Catlee,Lawrence,clawrence81@fc2.com,Female,182.9.244.26
291,Chantalle,Major,cmajor82@boston.com,Agender,8.198.55.137
292,Terrijo,Vassbender,tvassbender83@comcast.net,Female,27.5.94.167
293,Kalinda,Fattorini,kfattorini84@squidoo.com,Male,196.226.60.36
294,Ottilie,Brenneke,obrenneke85@businesswire.com,Non-binary,136.136.112.171
295,Bendite,Greensted,bgreensted86@foxnews.com,Bigender,43.62.140.62
296,Kirsteni,Perigo,kperigo87@mozilla.org,Male,43.192.90.25
297,Antoni,Readhead,areadhead88@ehow.com,Genderfluid,100.22.109.83
298,Christos,Falkus,cfalkus89@hp.com,Polygender,18.226.47.25
299,Heloise,Zanetti,hzanetti8a@networkadvertising.org,Agender,224.94.65.113
300,Cart,Stolte,cstolte8b@cloudflare.com,Male,200.113.106.110
301,Currie,Sparshatt,csparshatt8c@hc360.com,Polygender,166.98.22.61
302,Godart,Sambath,gsambath8d@eepurl.com,Male,33.30.39.203
303,Rosella,Du Fray,rdufray8e@symantec.com,Male,96.64.202.7
304,Ced,Dugmore,cdugmore8f@yelp.com,Bigender,52.120.60.78
305,Davina,Deacock,ddeacock8g@netvibes.com,Female,121.14.248.62
306,Scottie,Simko,ssimko8h@wsj.com,Female,59.4.13.126
307,Lorilee,Renbold,lrenbold8i@fema.gov,Agender,130.119.116.120
308,Jana,Malyan,jmalyan8j@unc.edu,Male,235.51.227.251
309,Aprilette,Androck,aandrock8k@cyberchimps.com,Female,101.57.174.180
310,Erina,Lansley,elansley8l@google.nl,Agender,239.220.192.130
311,Francisco,Ellerby,fellerby8m@yale.edu,Genderqueer,201.1.33.29
312,Johann,Cuppleditch,jcuppleditch8n@moonfruit.com,Non-binary,150.0.141.253
313,Kittie,Renneke,krenneke8o@go.com,Genderfluid,49.105.40.134
314,Belva,MacCaghan,bmaccaghan8p@usnews.com,Bigender,149.32.232.133
315,Anatola,Bleeze,ableeze8q@phpbb.com,Genderqueer,165.122.49.46
316,Carlen,Owers,cowers8r@sohu.com,Polygender,49.163.77.221
317,Bernie,Coste,bcoste8s@apache.org,Agender,68.5.190.75
318,Tann,Queripel,tqueripel8t@cbslocal.com,Female,231.203.182.147
319,Ertha,Nobbs,enobbs8u@google.com,Agender,27.166.43.47
320,Dorris,Clementel,dclementel8v@freewebs.com,Genderfluid,84.11.148.243
321,Shannon,Pretti,spretti8w@feedburner.com,Bigender,199.254.171.63
322,Eryn,Emmett,eemmett8x@phoca.cz,Non-binary,66.153.54.20
323,Charla,Goley,cgoley8y@multiply.com,Non-binary,93.87.91.2
324,Britteny,Acott,bacott8z@reverbnation.com,Non-binary,221.226.111.221
325,Melba,Ferens,mferens90@sohu.com,Male,228.131.81.253
326,Gibbie,Marke,gmarke91@plala.or.jp,Genderqueer,8.89.118.228
327,Eb,Lythgoe,elythgoe92@soundcloud.com,Bigender,193.187.219.131
328,Ladonna,Randle,lrandle93@vimeo.com,Polygender,179.110.53.250
329,Amie,Malt,amalt94@macromedia.com,Polygender,13.193.77.168
330,Latia,Grinikhinov,lgrinikhinov95@mlb.com,Male,118.154.251.10
331,Ingeberg,Bresland,ibresland96@freewebs.com,Bigender,239.197.62.202
332,Benny,Tarling,btarling97@google.es,Genderfluid,63.222.239.255
333,Cassie,Seefus,cseefus98@typepad.com,Genderfluid,78.50.53.89
334,Roanne,Ebbers,rebbers99@shareasale.com,Polygender,108.170.166.26
335,Hewie,Armell,harmell9a@tamu.edu,Genderqueer,13.114.70.36
336,Brocky,Agate,bagate9b@com.com,Bigender,211.141.8.148
337,Wendi,Leadbeater,wleadbeater9c@wikimedia.org,Genderfluid,205.233.62.32
338,Whitaker,Clynter,wclynter9d@google.nl,Polygender,199.192.241.147
339,Petey,Demogeot,pdemogeot9e@princeton.edu,Polygender,119.179.198.49
340,Annette,Bradford,abradford9f@slashdot.org,Genderqueer,236.32.156.130
341,Bellina,O'Logan,bologan9g@senate.gov,Male,33.144.54.161
342,Deana,Poulston,dpoulston9h@imgur.com,Agender,239.217.240.150
343,Inesita,Cattermole,icattermole9i@squarespace.com,Male,240.62.80.64
344,Ted,Leavesley,tleavesley9j@amazonaws.com,Genderfluid,124.233.134.22
345,Rutger,Mungham,rmungham9k@blogs.com,Male,70.181.213.94
346,Dotty,Normanvell,dnormanvell9l@prnewswire.com,Bigender,226.46.234.48
347,Dasie,Ellings,dellings9m@unc.edu,Genderqueer,40.28.27.153
348,Imojean,Garratty,igarratty9n@vinaora.com,Polygender,255.35.136.255
349,Bernete,Pingstone,bpingstone9o@opensource.org,Male,192.87.84.166
350,Joshia,Pennazzi,jpennazzi9p@howstuffworks.com,Genderqueer,25.19.91.114
351,Caritta,Cready,ccready9q@usnews.com,Bigender,208.77.45.253
352,Jarret,Giottini,jgiottini9r@imgur.com,Female,163.101.222.193
353,Arel,Jest,ajest9s@ning.com,Agender,23.24.223.150
354,Agna,Hudspith,ahudspith9t@toplist.cz,Non-binary,202.150.195.246
355,Keir,Garie,kgarie9u@multiply.com,Genderqueer,197.148.106.109
356,Ken,Hane,khane9v@ox.ac.uk,Female,76.102.140.197
357,Sula,Sabate,ssabate9w@businessweek.com,Female,113.47.181.179
358,Pavia,Walicki,pwalicki9x@bandcamp.com,Genderqueer,135.205.145.70
359,Philippine,Lorinez,plorinez9y@godaddy.com,Non-binary,141.168.166.112
360,Maribel,Malkin,mmalkin9z@chron.com,Non-binary,222.185.248.201
361,Franz,Eggerton,feggertona0@army.mil,Polygender,232.5.205.64
362,Guido,Williams,gwilliamsa1@cbsnews.com,Bigender,245.104.140.221
363,Concordia,Lowndsborough,clowndsborougha2@de.vu,Genderqueer,51.212.71.6
364,Jacinthe,Jepps,jjeppsa3@redcross.org,Genderqueer,54.5.247.98
365,Erl,Sherel,esherela4@wikia.com,Female,233.141.188.222
366,Jae,Brambill,jbrambilla5@mail.ru,Bigender,240.254.39.179
367,Rickie,Mottershaw,rmottershawa6@gmpg.org,Female,159.195.196.68
368,Emiline,Mixer,emixera7@smugmug.com,Agender,70.96.141.40
369,Selby,Lambard,slambarda8@webmd.com,Genderqueer,49.153.108.122
370,Mei,Denkin,mdenkina9@nhs.uk,Genderfluid,220.58.8.152
371,Elka,Aronovitz,earonovitzaa@hubpages.com,Polygender,224.176.173.188
372,Art,Delete,adeleteab@hugedomains.com,Male,82.36.151.160
373,Marley,Beisley,mbeisleyac@utexas.edu,Genderfluid,192.124.122.204
374,Timofei,Ineson,tinesonad@about.me,Non-binary,92.81.255.196
375,Lezlie,McMennum,lmcmennumae@free.fr,Polygender,87.158.231.46
376,Joycelin,Walters,jwaltersaf@techcrunch.com,Genderfluid,160.87.199.144
377,Brewer,Riseley,briseleyag@4shared.com,Agender,196.242.98.56
378,Burch,Sher,bsherah@xrea.com,Agender,153.180.147.181
379,Mathias,McAvin,mmcavinai@yolasite.com,Male,195.10.33.248
380,Natale,Rudsdale,nrudsdaleaj@jugem.jp,Polygender,188.68.214.62
381,Marcelline,McMickan,mmcmickanak@narod.ru,Agender,126.181.79.132
382,Errol,Sains,esainsal@privacy.gov.au,Polygender,187.3.15.126
383,Vonnie,Paterno,vpaternoam@hexun.com,Polygender,183.162.127.51
384,Cicely,Keese,ckeesean@phpbb.com,Polygender,221.170.37.195
385,Marisa,Meece,mmeeceao@paginegialle.it,Female,229.136.20.60
386,Udale,Kave,ukaveap@wp.com,Genderqueer,215.172.158.4
387,Jeni,Kassel,jkasselaq@rambler.ru,Polygender,18.177.13.131
388,Gerianna,Brolan,gbrolanar@wikia.com,Non-binary,113.184.221.216
389,Skylar,Bartolomeotti,sbartolomeottias@webmd.com,Female,215.133.120.187
390,Maison,Scolts,mscoltsat@sogou.com,Agender,143.72.252.47
391,Olivero,Heatley,oheatleyau@rambler.ru,Agender,32.49.162.187
392,Susy,Godleman,sgodlemanav@ucsd.edu,Agender,255.242.63.6
393,Consalve,Tighe,ctigheaw@amazon.de,Polygender,119.117.34.133
394,Dara,Cahen,dcahenax@scientificamerican.com,Polygender,72.62.168.93
395,Fannie,Haglington,fhaglingtonay@spotify.com,Female,99.253.24.173
396,Barbra,Bettanay,bbettanayaz@diigo.com,Genderqueer,252.201.231.185
397,Frederica,Postan,fpostanb0@soup.io,Agender,41.200.142.248
398,Levin,Adolthine,ladolthineb1@ovh.net,Male,106.210.245.71
399,Marco,Pester,mpesterb2@va.gov,Non-binary,236.218.29.62
400,Dorita,McOwan,dmcowanb3@si.edu,Agender,84.208.229.209
401,Ardyce,Jacobowitz,ajacobowitzb4@ucoz.ru,Female,145.151.170.188
402,Dillie,Skottle,dskottleb5@webnode.com,Genderqueer,184.231.206.100
403,Alexina,Privett,aprivettb6@taobao.com,Non-binary,77.64.210.94
404,Wilfrid,Lyddyard,wlyddyardb7@seattletimes.com,Bigender,117.55.104.174
405,Timmi,Thunnercliffe,tthunnercliffeb8@bloglovin.com,Polygender,229.252.53.138
406,Shela,Thomton,sthomtonb9@sfgate.com,Female,229.181.233.187
407,Hunt,Arpe,harpeba@geocities.com,Female,68.112.100.109
408,Vivian,Fronks,vfronksbb@php.net,Non-binary,11.113.222.26
409,Friedrich,O'Rowane,forowanebc@1688.com,Genderfluid,42.23.218.34
410,Caresa,Hare,charebd@fda.gov,Male,173.228.191.230
411,Ashely,McCreary,amccrearybe@smugmug.com,Bigender,163.82.188.113
412,Jackie,Blundan,jblundanbf@stanford.edu,Male,223.127.70.209
413,Fergus,Wringe,fwringebg@ning.com,Male,22.195.22.170
414,Jareb,Hollerin,jhollerinbh@mail.ru,Genderfluid,221.82.221.154
415,Serene,Caldecourt,scaldecourtbi@skyrock.com,Bigender,180.164.19.224
416,Belicia,Seligson,bseligsonbj@google.com,Non-binary,236.131.98.177
417,Howie,Darben,hdarbenbk@hubpages.com,Genderfluid,60.208.19.92
418,Conney,Stedmond,cstedmondbl@drupal.org,Polygender,183.135.9.225
419,Bronson,Nannizzi,bnannizzibm@slideshare.net,Genderqueer,100.94.60.148
420,Francesco,Alaway,falawaybn@ucla.edu,Agender,233.48.206.28
421,Innis,Woloschin,iwoloschinbo@dailymail.co.uk,Non-binary,150.126.181.164
422,Dedra,Durward,ddurwardbp@uol.com.br,Female,52.227.113.14
423,Brear,Pryor,bpryorbq@yale.edu,Genderfluid,15.220.219.131
424,Lani,Sedgman,lsedgmanbr@archive.org,Polygender,66.18.235.186
425,Olympie,Witard,owitardbs@elpais.com,Male,93.41.29.70
426,Adham,Ivanaev,aivanaevbt@goo.ne.jp,Male,204.42.106.125
427,Odie,Percy,opercybu@about.me,Bigender,208.51.13.80
428,Farrell,Askem,faskembv@amazon.com,Non-binary,42.228.104.80
429,Wendy,Paradise,wparadisebw@phpbb.com,Male,12.204.250.88
430,Vergil,Jacqueminot,vjacqueminotbx@illinois.edu,Bigender,45.145.143.92
431,Padraic,Mosey,pmoseyby@netlog.com,Genderqueer,79.162.172.84
432,Sullivan,Adney,sadneybz@zdnet.com,Polygender,74.57.203.119
433,Kimberlee,Triebner,ktriebnerc0@scribd.com,Female,106.142.209.89
434,Joseph,Danilowicz,jdanilowiczc1@blogs.com,Bigender,187.48.37.170
435,Cordy,Galbraith,cgalbraithc2@github.com,Agender,205.157.92.113
436,Trstram,Sevier,tsevierc3@jugem.jp,Polygender,34.180.12.142
437,Fergus,Loadman,floadmanc4@microsoft.com,Male,252.218.126.155
438,Blaire,Denyer,bdenyerc5@google.com.au,Agender,108.136.248.135
439,Odella,Dehmel,odehmelc6@uiuc.edu,Non-binary,148.125.166.58
440,Belvia,Muff,bmuffc7@apple.com,Agender,101.238.4.120
441,Giorgi,Ditchett,gditchettc8@rakuten.co.jp,Polygender,2.213.57.140
442,Saree,Bennough,sbennoughc9@deliciousdays.com,Non-binary,234.28.244.39
443,Micah,Stannard,mstannardca@wunderground.com,Agender,52.119.130.57
444,Karolina,Edds,keddscb@opensource.org,Female,197.137.156.146
445,Corliss,Fenemore,cfenemorecc@theglobeandmail.com,Non-binary,31.109.53.186
446,Fancie,Oblein,fobleincd@who.int,Polygender,122.81.170.220
447,Drugi,Killich,dkillichce@forbes.com,Female,40.166.192.208
448,Margareta,Icom,micomcf@printfriendly.com,Male,206.150.189.153
449,Sonja,Docksey,sdockseycg@nps.gov,Genderqueer,206.235.125.60
450,Calla,Fayers,cfayersch@answers.com,Male,150.1.206.180
451,Wald,McMonies,wmcmoniesci@tripod.com,Male,74.39.185.149
452,Sena,Smallridge,ssmallridgecj@wisc.edu,Male,6.170.162.55
453,Johny,Godson,jgodsonck@nytimes.com,Agender,109.190.17.145
454,Jo,Blomfield,jblomfieldcl@biglobe.ne.jp,Polygender,23.32.213.161
455,Karin,Sloam,ksloamcm@cargocollective.com,Polygender,106.164.99.188
456,Emanuele,Heathcott,eheathcottcn@nasa.gov,Genderqueer,186.29.167.119
457,Birch,Beushaw,bbeushawco@bizjournals.com,Non-binary,12.236.110.112
458,Annamaria,Keme,akemecp@alexa.com,Female,246.231.125.181
459,Norine,Charlwood,ncharlwoodcq@uiuc.edu,Female,123.22.189.123
460,Sunny,Balsdone,sbalsdonecr@walmart.com,Genderfluid,179.60.155.236
461,Cindee,Meagh,cmeaghcs@cbc.ca,Male,240.98.250.168
462,Cindy,Kittle,ckittlect@apple.com,Agender,231.49.135.31
463,Marty,Doolan,mdoolancu@linkedin.com,Agender,250.190.178.82
464,Gerladina,Tidd,gtiddcv@prlog.org,Female,163.84.44.191
465,Rodi,Manneville,rmannevillecw@jiathis.com,Agender,195.207.157.254
466,Willamina,Jeyes,wjeyescx@hubpages.com,Non-binary,66.107.179.35
467,Aprilette,Jonah,ajonahcy@theatlantic.com,Non-binary,26.246.113.62
468,Janenna,Rosberg,jrosbergcz@aol.com,Polygender,179.87.139.56
469,Percy,Elles,pellesd0@networksolutions.com,Male,206.11.141.156
470,Bertina,Vicioso,bviciosod1@mapy.cz,Male,44.62.33.237
471,Edna,Jeremaes,ejeremaesd2@cmu.edu,Genderfluid,232.42.234.5
472,Isa,Manvell,imanvelld3@nbcnews.com,Male,40.235.168.153
473,Filmore,Stead,fsteadd4@sakura.ne.jp,Polygender,236.166.230.23
474,Keenan,Bolley,kbolleyd5@prnewswire.com,Male,219.210.254.59
475,Janifer,Treagust,jtreagustd6@toplist.cz,Agender,49.72.20.60
476,Kasper,Vick,kvickd7@slideshare.net,Male,71.96.195.53
477,Lester,Apted,laptedd8@mlb.com,Female,221.147.28.23
478,Thornton,Dumbleton,tdumbletond9@samsung.com,Genderqueer,207.190.71.221
479,Alicia,Winny,awinnyda@huffingtonpost.com,Agender,177.92.87.99
480,Quintana,Snelle,qsnelledb@jalbum.net,Bigender,178.88.3.216
481,Westbrooke,Flegg,wfleggdc@phoca.cz,Genderqueer,180.40.13.92
482,Zulema,Sessuns,zsessunsdd@tinypic.com,Female,69.188.177.178
483,Hyacinth,Velde,hveldede@constantcontact.com,Polygender,214.238.21.43
484,Ali,Seilmann,aseilmanndf@geocities.jp,Female,2.236.211.95
485,Aurel,Norvill,anorvilldg@bizjournals.com,Female,203.189.119.59
486,Manya,Warr,mwarrdh@state.tx.us,Bigender,141.61.16.215
487,Zaneta,Gregorio,zgregoriodi@gnu.org,Polygender,24.155.201.231
488,Dov,Drewett,ddrewettdj@tripod.com,Bigender,114.189.78.180
489,Garrick,Brewers,gbrewersdk@xing.com,Genderqueer,117.129.215.12
490,Nerita,Benfell,nbenfelldl@google.es,Agender,185.14.150.162
491,Bear,Reinhard,breinharddm@live.com,Non-binary,14.117.183.243
492,Garrard,Scarsbrick,gscarsbrickdn@nih.gov,Female,176.56.50.47
493,Johann,Kerans,jkeransdo@wikispaces.com,Bigender,163.40.91.177
494,Clifford,Kalinovich,ckalinovichdp@goo.gl,Polygender,120.104.78.148
495,Lambert,Barbier,lbarbierdq@over-blog.com,Male,96.193.157.125
496,Rubia,Papworth,rpapworthdr@fema.gov,Agender,148.118.61.145
497,Happy,Connor,hconnords@census.gov,Bigender,36.244.214.52
498,May,Lambersen,mlambersendt@digg.com,Non-binary,179.154.149.218
499,Ida,Schiesterl,ischiesterldu@ezinearticles.com,Agender,78.171.69.84
500,Chane,Nettleship,cnettleshipdv@mapy.cz,Female,8.106.205.143
501,Syd,Wethers,swethersdw@sbwire.com,Genderqueer,50.29.190.192
502,Hewitt,Sly,hslydx@google.fr,Non-binary,128.240.231.111
503,Meredithe,Rowlin,mrowlindy@reference.com,Polygender,223.77.49.220
504,Kelcey,Ching,kchingdz@scientificamerican.com,Female,24.199.65.14
505,Carmine,Leinster,cleinstere0@accuweather.com,Polygender,30.193.123.53
506,Witty,Doggart,wdoggarte1@123-reg.co.uk,Non-binary,52.184.112.70
507,Kiel,Turrell,kturrelle2@hugedomains.com,Bigender,28.108.174.192
508,Witty,Gilbody,wgilbodye3@diigo.com,Female,105.228.33.160
509,Peter,Atthowe,patthowee4@exblog.jp,Female,172.65.72.149
510,Moll,Kett,mkette5@nymag.com,Bigender,218.224.115.172
511,Nonna,Vaughan,nvaughane6@goo.ne.jp,Polygender,79.60.217.152
512,Kenny,Durnian,kdurniane7@privacy.gov.au,Polygender,73.7.193.83
513,Hilario,Gulc,hgulce8@163.com,Agender,102.131.47.96
514,Derrick,Watman,dwatmane9@jalbum.net,Genderqueer,128.32.206.230
515,Koralle,Kilbane,kkilbaneea@com.com,Female,90.12.211.190
516,Zorana,Issatt,zissatteb@free.fr,Agender,111.3.94.144
517,Juline,Chillingworth,jchillingworthec@whitehouse.gov,Agender,28.116.48.80
518,Garwin,Giuroni,ggiuronied@fotki.com,Male,38.225.0.136
519,Annalee,Blincow,ablincowee@elegantthemes.com,Female,62.119.16.73
520,Marietta,Rathbourne,mrathbourneef@ucla.edu,Genderfluid,135.60.82.15
521,Becki,Dainter,bdaintereg@about.me,Male,77.88.231.160
522,Vinny,Nurse,vnurseeh@zimbio.com,Male,21.118.196.83
523,Natalee,Bruck,nbruckei@hc360.com,Agender,226.21.2.74
524,Jesselyn,Madre,jmadreej@time.com,Female,17.208.56.240
525,Kristofor,Midford,kmidfordek@indiegogo.com,Genderqueer,135.160.101.209
526,Deloria,Verzey,dverzeyel@buzzfeed.com,Genderqueer,23.193.201.231
527,Laney,Rodolphe,lrodolpheem@tinyurl.com,Male,127.64.72.174
528,Valeria,Doles,vdolesen@spiegel.de,Female,23.1.232.237
529,Bryna,Theodore,btheodoreeo@thetimes.co.uk,Bigender,36.7.125.99
530,Kania,Bryde,kbrydeep@gizmodo.com,Polygender,128.251.120.204
531,Isa,Windsor,iwindsoreq@nsw.gov.au,Bigender,149.164.193.84
532,Loralyn,Shearman,lshearmaner@europa.eu,Genderfluid,185.217.40.11
533,Marjory,Lote,mlotees@smugmug.com,Genderfluid,228.96.184.213
534,Stace,Mucklestone,smucklestoneet@huffingtonpost.com,Female,0.223.2.118
535,Dorene,Hollows,dhollowseu@bing.com,Genderqueer,158.72.78.107
536,Jordon,Whatling,jwhatlingev@webeden.co.uk,Non-binary,38.93.115.97
537,Rayshell,Goulding,rgouldingew@ucoz.ru,Bigender,42.32.144.226
538,Salome,Hallwood,shallwoodex@businessweek.com,Male,6.198.61.248
539,Michaela,MacAdam,mmacadamey@opensource.org,Bigender,94.1.8.135
540,Marlee,Garlette,mgarletteez@berkeley.edu,Polygender,85.116.83.236
541,Ros,Stern,rsternf0@netlog.com,Male,122.70.27.202
542,Dacie,Couronne,dcouronnef1@domainmarket.com,Bigender,192.27.80.227
543,Bertha,Franies,bfraniesf2@flavors.me,Genderfluid,193.94.177.169
544,Mirilla,Kirkness,mkirknessf3@list-manage.com,Male,228.141.4.80
545,Armin,Leynton,aleyntonf4@jimdo.com,Male,157.159.54.187
546,Ali,Shropshire,ashropshiref5@paginegialle.it,Female,227.233.50.27
547,Guendolen,Warr,gwarrf6@indiegogo.com,Agender,246.85.109.108
548,Pierrette,Miall,pmiallf7@ucsd.edu,Non-binary,92.169.23.19
549,Bennett,Kristof,bkristoff8@gizmodo.com,Male,104.65.151.6
550,Pamela,Slay,pslayf9@xrea.com,Male,90.250.128.77
551,Waite,Allnutt,wallnuttfa@trellian.com,Polygender,173.15.232.126
552,Benny,Nanson,bnansonfb@guardian.co.uk,Agender,175.134.73.78
553,Krysta,Houlden,khouldenfc@cnbc.com,Non-binary,20.237.109.179
554,Hillary,Arnal,harnalfd@over-blog.com,Genderqueer,111.157.50.172
555,Caroline,Burgoyne,cburgoynefe@linkedin.com,Non-binary,231.34.34.101
556,Murray,Welman,mwelmanff@so-net.ne.jp,Genderfluid,18.123.115.24
557,Magdaia,Thomsson,mthomssonfg@nationalgeographic.com,Polygender,30.98.190.245
558,Desmund,Bransom,dbransomfh@bbc.co.uk,Bigender,98.35.153.249
559,Spence,Gomes,sgomesfi@amazonaws.com,Female,172.26.219.151
560,Ynes,Westell,ywestellfj@mediafire.com,Non-binary,221.169.237.246
561,Abby,Wortt,aworttfk@zdnet.com,Male,175.29.32.166
562,Odo,Lambarton,olambartonfl@example.com,Bigender,13.125.115.167
563,Meridith,Hamsley,mhamsleyfm@example.com,Female,139.127.119.24
564,Chris,Wykey,cwykeyfn@blinklist.com,Genderfluid,210.245.138.196
565,Cloris,Dawidowitsch,cdawidowitschfo@storify.com,Female,210.111.144.200
566,Westbrook,MacParland,wmacparlandfp@harvard.edu,Female,84.232.82.212
567,Findlay,Standish,fstandishfq@google.ru,Genderqueer,42.47.197.67
568,Bertram,Fiorentino,bfiorentinofr@sfgate.com,Non-binary,74.9.39.112
569,Nicola,Oldridge,noldridgefs@google.nl,Male,190.69.157.12
570,Blondy,Eykelbosch,beykelboschft@biblegateway.com,Genderqueer,130.245.180.47
571,Sheela,Elce,selcefu@census.gov,Bigender,99.226.136.219
572,Kass,Lindwasser,klindwasserfv@ucoz.com,Female,33.51.131.164
573,Dulsea,Daish,ddaishfw@cpanel.net,Non-binary,70.13.219.30
574,Bendick,Yitzovitz,byitzovitzfx@wufoo.com,Female,121.95.193.85
575,Salem,Handslip,shandslipfy@irs.gov,Male,110.43.121.121
576,Boothe,Gaytor,bgaytorfz@list-manage.com,Male,48.35.158.210
577,Lovell,Arnolds,larnoldsg0@wix.com,Non-binary,90.186.71.197
578,Concettina,Linzee,clinzeeg1@unesco.org,Male,21.40.157.124
579,Shea,Prince,sprinceg2@oracle.com,Non-binary,129.131.200.148
580,Nicolea,Stonnell,nstonnellg3@vinaora.com,Genderfluid,38.96.129.44
581,Maximilien,Freemantle,mfreemantleg4@addtoany.com,Genderfluid,101.8.153.211
582,Olive,Ashforth,oashforthg5@ocn.ne.jp,Non-binary,219.92.190.35
583,Hedy,Labbett,hlabbettg6@over-blog.com,Non-binary,195.252.164.6
584,Gayleen,Kordes,gkordesg7@ifeng.com,Male,70.166.86.72
585,Peirce,Blanche,pblancheg8@cyberchimps.com,Non-binary,64.159.243.211
586,Tedie,Ellick,tellickg9@yelp.com,Polygender,47.172.127.36
587,Cristobal,Plunket,cplunketga@weebly.com,Non-binary,33.73.191.207
588,Giulio,Wilflinger,gwilflingergb@ucoz.com,Genderfluid,193.213.31.166
589,Arleta,Wadelin,awadelingc@eventbrite.com,Male,55.176.254.77
590,Lonny,Loftus,lloftusgd@istockphoto.com,Agender,145.95.214.177
591,Jaquelin,Roch,jrochge@youtu.be,Genderqueer,99.253.208.47
592,Tulley,Beddoe,tbeddoegf@fema.gov,Genderfluid,219.80.92.205
593,Arlen,Bushnell,abushnellgg@wikimedia.org,Polygender,160.59.115.187
594,Dorelia,Hurles,dhurlesgh@drupal.org,Agender,1.253.102.175
595,Ruby,Trumper,rtrumpergi@cam.ac.uk,Non-binary,121.127.25.105
596,Clovis,Ellington,cellingtongj@unicef.org,Genderqueer,120.191.70.191
597,Douglas,Laugherane,dlaugheranegk@hud.gov,Non-binary,140.207.118.109
598,Annamaria,Coale,acoalegl@cargocollective.com,Female,59.66.72.105
599,Lillian,Blackie,lblackiegm@tiny.cc,Genderfluid,56.116.11.80
600,Burty,Ferrieres,bferrieresgn@cnn.com,Male,182.141.239.202
601,Luke,Shakesbye,lshakesbyego@vinaora.com,Polygender,129.166.10.9
602,Georgine,Muckersie,gmuckersiegp@wordpress.com,Agender,228.162.128.225
603,Egor,Cushworth,ecushworthgq@craigslist.org,Female,170.130.122.8
604,Giselbert,Kirkbride,gkirkbridegr@nasa.gov,Polygender,125.186.36.183
605,Berke,Bernuzzi,bbernuzzigs@fema.gov,Polygender,184.100.7.102
606,Mureil,Pietruszka,mpietruszkagt@marketwatch.com,Agender,212.23.111.240
607,Bastian,Laye,blayegu@ehow.com,Bigender,231.80.173.170
608,Karlotte,Bithell,kbithellgv@weebly.com,Female,228.250.243.165
609,Mallory,Viner,mvinergw@disqus.com,Genderfluid,28.249.45.197
610,Daryl,Bissill,dbissillgx@com.com,Genderqueer,162.178.224.255
611,Bernie,Abramof,babramofgy@patch.com,Genderfluid,123.94.229.24
612,Tatiania,Koschke,tkoschkegz@mail.ru,Non-binary,233.184.26.62
613,Bernhard,Brayfield,bbrayfieldh0@live.com,Polygender,143.221.118.253
614,Rozella,Andrysiak,randrysiakh1@nasa.gov,Female,249.71.224.135
615,Gretta,Millward,gmillwardh2@statcounter.com,Male,126.202.156.181
616,Carley,Beckson,cbecksonh3@yahoo.co.jp,Male,115.148.151.209
617,Alfreda,Dobrowolny,adobrowolnyh4@japanpost.jp,Female,23.161.22.25
618,Melantha,Abramowitz,mabramowitzh5@wikimedia.org,Male,233.191.144.250
619,Ronnie,Firebrace,rfirebraceh6@biblegateway.com,Genderqueer,213.6.51.225
620,Connie,Cridlan,ccridlanh7@youtu.be,Non-binary,174.66.93.189
621,Hogan,Fouch,hfouchh8@blogspot.com,Genderqueer,191.94.127.254
622,Devinne,Westoff,dwestoffh9@princeton.edu,Male,200.62.143.222
623,Burnard,Thebeau,bthebeauha@unc.edu,Bigender,10.142.215.160
624,Ag,Demanche,ademanchehb@weebly.com,Genderqueer,10.210.56.78
625,Claudine,Brantzen,cbrantzenhc@ihg.com,Genderfluid,3.228.234.49
626,Hilliary,Heine,hheinehd@nih.gov,Male,101.109.201.57
627,Skell,Fardy,sfardyhe@chicagotribune.com,Bigender,119.224.67.129
628,Alfi,Nowick,anowickhf@slate.com,Non-binary,121.147.63.68
629,Craggy,Oswick,coswickhg@cargocollective.com,Polygender,253.113.86.173
630,Laurene,MacCaghan,lmaccaghanhh@google.com.br,Male,107.238.142.39
631,Wendi,Sperry,wsperryhi@google.co.uk,Genderqueer,104.134.248.39
632,Lanie,La Wille,llawillehj@prlog.org,Genderfluid,83.149.105.198
633,Ettie,Plet,eplethk@sciencedaily.com,Genderqueer,202.75.53.228
634,Caryl,Backshaw,cbackshawhl@dropbox.com,Genderfluid,188.100.131.139
635,Asia,Heggman,aheggmanhm@google.com.hk,Polygender,227.33.211.114
636,Elisha,Russilll,erussilllhn@hatena.ne.jp,Bigender,210.69.35.5
637,Vinny,Kingswold,vkingswoldho@google.com.hk,Bigender,108.26.181.183
638,Dorry,Largen,dlargenhp@imgur.com,Bigender,165.78.176.75
639,Jeane,Deverale,jdeveralehq@sciencedaily.com,Bigender,42.167.253.128
640,Rycca,Vischi,rvischihr@intel.com,Male,175.134.29.223
641,Aridatha,Pumfrey,apumfreyhs@google.com.br,Female,178.159.117.11
642,Giffard,McSperrin,gmcsperrinht@icio.us,Agender,231.135.4.12
643,Burg,Gamett,bgametthu@behance.net,Genderqueer,196.65.14.147
644,Lavinie,Isaacson,lisaacsonhv@sun.com,Bigender,89.162.239.87
645,Orville,Solesbury,osolesburyhw@bloomberg.com,Non-binary,32.238.45.146
646,Clarita,Pendre,cpendrehx@dailymotion.com,Genderfluid,21.246.86.54
647,Ingaberg,Sacchetti,isacchettihy@meetup.com,Non-binary,134.127.108.164
648,Christy,Cheesley,ccheesleyhz@vkontakte.ru,Non-binary,248.193.238.0
649,Jock,McNevin,jmcnevini0@gov.uk,Polygender,53.73.120.180
650,Julita,Krzyzanowski,jkrzyzanowskii1@opensource.org,Agender,173.208.231.17
651,Herta,Rowena,hrowenai2@hp.com,Male,37.146.115.189
652,Dolli,Arman,darmani3@accuweather.com,Polygender,238.234.88.120
653,Mable,Smalridge,msmalridgei4@people.com.cn,Genderqueer,59.13.125.178
654,Kaja,McNish,kmcnishi5@joomla.org,Male,224.75.196.252
655,Coraline,Dreinan,cdreinani6@twitpic.com,Genderqueer,204.37.147.99
656,Pearle,Ungerer,pungereri7@ow.ly,Polygender,135.56.6.83
657,Janean,Favell,jfavelli8@mlb.com,Female,174.231.72.219
658,Sylvan,Matveyev,smatveyevi9@guardian.co.uk,Genderfluid,86.189.165.227
659,Florella,MacPhee,fmacpheeia@printfriendly.com,Female,166.181.36.105
660,Dorice,Flintiff,dflintiffib@blogs.com,Male,179.63.180.109
661,Gasper,Eldered,gelderedic@ca.gov,Female,163.196.132.49
662,Jena,Probbings,jprobbingsid@icq.com,Non-binary,232.218.17.8
663,Erroll,Freke,efrekeie@comcast.net,Female,7.50.196.185
664,Rolando,Baty,rbatyif@narod.ru,Female,186.215.169.210
665,Dannie,Jillard,djillardig@ted.com,Genderqueer,244.206.92.243
666,Osmond,Dedden,odeddenih@paypal.com,Genderfluid,183.138.243.133
667,Catie,D'Andrea,cdandreaii@usgs.gov,Polygender,131.0.88.41
668,Courtenay,Drever,cdreverij@comcast.net,Female,57.0.21.135
669,Godwin,Ferreiro,gferreiroik@typepad.com,Agender,147.185.38.106
670,Myrvyn,Aldie,maldieil@is.gd,Polygender,46.15.24.153
671,Lura,Nowick,lnowickim@discuz.net,Bigender,251.118.235.98
672,Lisle,Dessant,ldessantin@mayoclinic.com,Polygender,122.134.233.80
673,Levi,Traice,ltraiceio@phoca.cz,Bigender,59.189.134.53
674,Frasco,Spenton,fspentonip@dion.ne.jp,Agender,134.239.200.105
675,Arch,Giametti,agiamettiiq@hexun.com,Non-binary,87.238.181.82
676,Vidovik,Eddisford,veddisfordir@dyndns.org,Non-binary,102.7.249.34
677,Phelia,Bateup,pbateupis@joomla.org,Agender,213.132.84.120
678,Zacharias,Garrat,zgarratit@devhub.com,Non-binary,31.222.215.213
679,Bat,Vaugham,bvaughamiu@nasa.gov,Male,54.214.180.189
680,Mortimer,Akhurst,makhurstiv@fema.gov,Bigender,57.239.172.139
681,Eba,Jakab,ejakabiw@google.de,Polygender,193.78.107.56
682,Sam,Garlette,sgarletteix@macromedia.com,Non-binary,33.156.226.139
683,Cristi,Gilluley,cgilluleyiy@t-online.de,Non-binary,209.244.239.175
684,Marthena,Wein,mweiniz@miitbeian.gov.cn,Female,37.45.225.110
685,Chicky,Navarre,cnavarrej0@seesaa.net,Agender,66.106.245.72
686,Alex,Gymlett,agymlettj1@msn.com,Genderqueer,235.87.47.193
687,Glenden,Eatherton,geathertonj2@ftc.gov,Genderfluid,60.19.204.211
688,Daphna,Attaway,dattawayj3@usa.gov,Polygender,94.90.211.210
689,Pippy,Ludron,pludronj4@ezinearticles.com,Female,163.38.37.97
690,Forest,Birkmyre,fbirkmyrej5@linkedin.com,Agender,140.43.92.255
691,Georgena,Bynold,gbynoldj6@hubpages.com,Polygender,169.47.70.125
692,Tyler,Todeo,ttodeoj7@nifty.com,Genderqueer,9.186.179.81
693,Ira,Lillo,ililloj8@instagram.com,Polygender,204.250.114.97
694,Marji,Norree,mnorreej9@histats.com,Agender,188.58.5.241
695,Anabal,Dacke,adackeja@apache.org,Female,253.6.22.90
696,August,Anfonsi,aanfonsijb@ebay.com,Non-binary,102.53.1.76
697,Nathan,Fassbender,nfassbenderjc@t-online.de,Polygender,159.190.252.202
698,Melisent,Fitter,mfitterjd@intel.com,Genderqueer,221.131.33.97
699,Dave,Sarjeant,dsarjeantje@ft.com,Genderqueer,49.255.160.178
700,Weidar,Hailes,whailesjf@a8.net,Bigender,154.80.247.255
701,Sutton,Fortesquieu,sfortesquieujg@g.co,Polygender,221.100.127.89
702,Chucho,Chelam,cchelamjh@thetimes.co.uk,Agender,144.66.205.68
703,Kevina,Chessil,kchessilji@unc.edu,Male,51.29.125.42
704,Venus,MacCaghan,vmaccaghanjj@example.com,Genderqueer,44.8.147.84
705,Idalina,Frape,ifrapejk@mediafire.com,Female,237.203.202.28
706,Bel,Fenners,bfennersjl@delicious.com,Male,11.120.50.230
707,Bradly,Peaker,bpeakerjm@jigsy.com,Non-binary,86.83.191.213
708,Luciano,Harfleet,lharfleetjn@weebly.com,Polygender,60.64.29.88
709,Maryanne,Tuke,mtukejo@feedburner.com,Genderfluid,23.227.114.34
710,Hinda,Edwards,hedwardsjp@cnet.com,Non-binary,45.204.2.149
711,Pennie,Selliman,psellimanjq@paypal.com,Agender,75.237.55.23
712,Weidar,Lind,wlindjr@imageshack.us,Non-binary,182.86.165.62
713,Earlie,Ilett,eilettjs@netscape.com,Male,241.216.228.177
714,Antonietta,Maciejewski,amaciejewskijt@disqus.com,Genderfluid,220.55.55.164
715,Zacherie,Kunz,zkunzju@mapquest.com,Non-binary,206.190.18.227
716,Melantha,Hartup,mhartupjv@hhs.gov,Bigender,200.158.184.106
717,Jeramey,Nodes,jnodesjw@msn.com,Genderqueer,193.204.192.66
718,Isa,Foldes,ifoldesjx@liveinternet.ru,Male,48.111.224.114
719,Ned,Brignell,nbrignelljy@oaic.gov.au,Bigender,136.180.23.32
720,Terrel,Ottey,totteyjz@php.net,Non-binary,33.216.102.164
721,Nadiya,Melrose,nmelrosek0@flickr.com,Agender,144.224.136.91
722,Samara,Randle,srandlek1@reference.com,Genderqueer,184.201.173.72
723,Ezri,Jasiak,ejasiakk2@liveinternet.ru,Bigender,156.65.195.189
724,Storm,Gritten,sgrittenk3@earthlink.net,Polygender,30.181.126.200
725,Lowrance,Laffin,llaffink4@chicagotribune.com,Polygender,146.255.242.103
726,Bab,Enion,benionk5@mit.edu,Genderqueer,94.255.221.72
727,Alvie,Petrovykh,apetrovykhk6@com.com,Genderqueer,98.57.54.216
728,Grover,Surfleet,gsurfleetk7@wired.com,Male,23.250.135.80
729,Lauren,Haking,lhakingk8@tumblr.com,Female,181.30.15.39
730,Viola,Christofle,vchristoflek9@stumbleupon.com,Genderfluid,105.159.16.80
731,Ilsa,Pendle,ipendleka@imageshack.us,Genderqueer,135.80.116.69
732,Rori,Tenpenny,rtenpennykb@shop-pro.jp,Polygender,181.55.251.173
733,Paton,Djuricic,pdjuricickc@marriott.com,Genderqueer,227.216.61.126
734,Erena,Vicent,evicentkd@scribd.com,Genderqueer,145.28.185.131
735,Alaric,Petry,apetryke@bloomberg.com,Genderqueer,247.120.140.95
736,Gram,Wolland,gwollandkf@un.org,Bigender,177.226.153.230
737,Nathan,Ioselevich,nioselevichkg@t-online.de,Bigender,109.178.52.118
738,Cherry,Matusovsky,cmatusovskykh@mozilla.com,Agender,211.67.192.106
739,Heidie,Gashion,hgashionki@newyorker.com,Female,16.93.122.30
740,Wallis,Pettisall,wpettisallkj@dropbox.com,Agender,46.218.199.121
741,Terza,Kretchmer,tkretchmerkk@indiegogo.com,Genderqueer,54.235.94.76
742,Louise,Searles,lsearleskl@china.com.cn,Genderqueer,236.240.122.146
743,Erl,Grindley,egrindleykm@meetup.com,Male,252.153.45.184
744,Monica,Applegarth,mapplegarthkn@guardian.co.uk,Genderqueer,255.26.121.208
745,Janel,Seton,jsetonko@go.com,Male,157.130.255.18
746,Karina,Ogilvie,kogilviekp@rambler.ru,Female,103.105.90.247
747,Jarret,Niset,jnisetkq@spotify.com,Non-binary,178.180.148.183
748,Jacquenetta,Prisk,jpriskkr@indiegogo.com,Agender,134.168.156.231
749,Pepillo,Obispo,pobispoks@google.ru,Agender,188.209.12.126
750,Meggie,Dalliston,mdallistonkt@xinhuanet.com,Polygender,125.239.204.13
751,Storm,Leggon,sleggonku@cafepress.com,Bigender,241.225.91.60
752,Llywellyn,Lever,lleverkv@washingtonpost.com,Agender,89.174.58.167
753,Coreen,Conachy,cconachykw@fastcompany.com,Bigender,235.46.68.184
754,Augustine,Stroband,astrobandkx@cyberchimps.com,Genderqueer,212.197.18.130
755,Nikolos,Ranshaw,nranshawky@chron.com,Female,65.162.182.15
756,Sherman,Heasly,sheaslykz@vistaprint.com,Genderfluid,172.235.201.36
757,Lanny,Swire,lswirel0@ucla.edu,Female,67.153.128.40
758,Sheffie,Jirousek,sjirousekl1@hubpages.com,Genderfluid,154.32.136.221
759,Renata,Carberry,rcarberryl2@nih.gov,Non-binary,180.236.32.44
760,Grady,Tunna,gtunnal3@unblog.fr,Non-binary,127.138.125.6
761,Annette,Volkers,avolkersl4@cnet.com,Female,164.141.7.49
762,Tine,Gamet,tgametl5@discuz.net,Male,136.195.2.251
763,Bobbie,Spittle,bspittlel6@cpanel.net,Agender,200.216.204.218
764,Beatrix,McFade,bmcfadel7@hostgator.com,Female,175.19.165.9
765,Dillon,Stickells,dstickellsl8@paypal.com,Polygender,216.41.6.76
766,Erl,Arnaldi,earnaldil9@cbslocal.com,Agender,57.27.14.225
767,Josias,Jelks,jjelksla@mit.edu,Male,190.99.201.127
768,Brose,McCanny,bmccannylb@spotify.com,Genderfluid,74.70.90.146
769,Rosana,Skyram,rskyramlc@stumbleupon.com,Agender,6.245.6.82
770,Lucho,Hatliffe,lhatliffeld@spotify.com,Bigender,207.197.17.198
771,Cherida,Gooda,cgoodale@fda.gov,Genderfluid,193.89.18.216
772,Ariella,Timeby,atimebylf@ucsd.edu,Agender,156.194.85.161
773,Joy,Cavan,jcavanlg@disqus.com,Non-binary,183.46.122.222
774,Salem,Phelan,sphelanlh@flavors.me,Genderfluid,94.200.134.199
775,Engracia,Callway,ecallwayli@seattletimes.com,Agender,28.91.164.169
776,Griffin,Treske,gtreskelj@wikipedia.org,Non-binary,2.114.202.86
777,Debbie,Jerratsch,djerratschlk@pagesperso-orange.fr,Female,135.48.148.82
778,Zelig,Peer,zpeerll@photobucket.com,Polygender,190.10.214.73
779,Eugenia,Doward,edowardlm@umich.edu,Non-binary,56.158.72.177
780,Adams,Diviney,adivineyln@microsoft.com,Genderqueer,70.90.70.13
781,Curtice,Bussy,cbussylo@meetup.com,Male,98.140.134.93
782,Hyacinth,Chiswell,hchiswelllp@cbsnews.com,Male,23.201.218.21
783,Jarad,Swanston,jswanstonlq@independent.co.uk,Genderfluid,146.132.86.3
784,Carita,Dolley,cdolleylr@exblog.jp,Female,68.133.218.172
785,Cull,Scruby,cscrubyls@storify.com,Genderfluid,240.76.189.133
786,Kathlin,Klasing,kklasinglt@mlb.com,Male,243.26.206.85
787,Maurise,Cramond,mcramondlu@netvibes.com,Polygender,105.8.188.175
788,Camel,Rea,crealv@google.de,Female,106.96.41.182
789,Giavani,Ridges,gridgeslw@reddit.com,Bigender,204.196.190.157
790,Lester,Hedon,lhedonlx@posterous.com,Non-binary,70.69.142.107
791,Miner,Dimnage,mdimnagely@ft.com,Male,157.1.186.227
792,Sansone,Klessmann,sklessmannlz@mozilla.com,Male,9.29.173.253
793,Sarajane,Tomik,stomikm0@slashdot.org,Genderfluid,102.125.241.161
794,Broddie,Fooks,bfooksm1@vimeo.com,Genderqueer,26.212.129.239
795,Daren,Cullingworth,dcullingworthm2@privacy.gov.au,Polygender,184.26.88.129
796,Datha,Haughan,dhaughanm3@foxnews.com,Genderfluid,140.214.133.2
797,Antoine,Crimpe,acrimpem4@usnews.com,Agender,255.18.117.49
798,Vyky,Trevor,vtrevorm5@usa.gov,Male,5.28.92.168
799,Dasi,Ales,dalesm6@istockphoto.com,Genderfluid,127.154.214.211
800,Reiko,Taw,rtawm7@abc.net.au,Polygender,88.82.1.150
801,Emili,Dohrmann,edohrmannm8@histats.com,Polygender,12.238.46.84
802,Vanna,McKiernan,vmckiernanm9@tripod.com,Male,12.154.238.104
803,Jillane,Muckart,jmuckartma@tmall.com,Agender,29.15.155.185
804,Ferdinande,McNellis,fmcnellismb@cbc.ca,Bigender,34.60.173.75
805,Geoffrey,Izzard,gizzardmc@noaa.gov,Non-binary,64.134.57.145
806,Lorain,Glandfield,lglandfieldmd@simplemachines.org,Agender,25.86.21.198
807,Frannie,Kidston,fkidstonme@nature.com,Agender,197.196.84.0
808,Humfrey,Nulty,hnultymf@naver.com,Polygender,197.224.116.106
809,Mildrid,Anear,manearmg@nytimes.com,Genderqueer,69.15.62.204
810,Nicky,Stolworthy,nstolworthymh@bloglines.com,Non-binary,197.216.46.132
811,Ernie,Orton,eortonmi@flickr.com,Genderfluid,254.70.137.213
812,Hugh,Destouche,hdestouchemj@about.com,Agender,131.197.69.98
813,Tatiania,Mozzi,tmozzimk@shinystat.com,Female,29.231.84.70
814,Joane,Turner,jturnerml@tmall.com,Female,21.205.216.99
815,Pen,Edgerton,pedgertonmm@opera.com,Male,139.137.2.6
816,Seward,Ghiriardelli,sghiriardellimn@bloomberg.com,Genderfluid,192.246.158.192
817,Chevy,Deniseau,cdeniseaumo@google.nl,Female,98.201.51.195
818,Dirk,Bazelle,dbazellemp@drupal.org,Male,167.195.5.15
819,Darell,McIver,dmcivermq@netlog.com,Non-binary,137.185.190.185
820,Vincenty,Morley,vmorleymr@trellian.com,Female,76.138.2.38
821,Dita,Causier,dcausierms@storify.com,Polygender,0.212.114.116
822,Kerri,Stark,kstarkmt@europa.eu,Bigender,233.79.16.142
823,Verne,Ceillier,vceilliermu@google.com.hk,Polygender,160.14.73.118
824,Huntlee,Cork,hcorkmv@skype.com,Genderqueer,41.106.19.65
825,Sigfried,Laurenzi,slaurenzimw@addthis.com,Genderqueer,251.7.30.56
826,Grenville,Crother,gcrothermx@exblog.jp,Agender,91.125.1.137
827,Dixie,Salliere,dsallieremy@deviantart.com,Female,233.63.51.111
828,Weidar,Casillis,wcasillismz@uiuc.edu,Male,57.236.203.253
829,Lorene,Hissett,lhissettn0@mozilla.org,Agender,139.163.211.12
830,Elvis,Ancell,eancelln1@mysql.com,Bigender,200.39.158.153
831,Nikita,Priestland,npriestlandn2@blinklist.com,Agender,215.132.143.254
832,Britta,Arnot,barnotn3@noaa.gov,Polygender,92.133.190.165
833,Homere,Iverson,hiversonn4@nps.gov,Genderqueer,182.132.100.238
834,Kristel,Frise,kfrisen5@google.ru,Polygender,135.28.238.65
835,Marianne,Mebes,mmebesn6@hatena.ne.jp,Genderqueer,127.169.72.84
836,Demetris,Ennew,dennewn7@sitemeter.com,Agender,250.90.59.200
837,Maureen,Proudler,mproudlern8@reverbnation.com,Non-binary,64.86.115.196
838,Blondell,Marvelley,bmarvelleyn9@hc360.com,Polygender,112.37.181.250
839,Jdavie,Sabattier,jsabattierna@sakura.ne.jp,Non-binary,0.157.10.9
840,Sharity,Ghelarducci,sghelarduccinb@mapquest.com,Non-binary,64.163.201.85
841,Constantin,Sepey,csepeync@edublogs.org,Genderqueer,170.149.32.0
842,Neale,Jearum,njearumnd@barnesandnoble.com,Genderqueer,249.135.179.237
843,Carlene,Shotboult,cshotboultne@netscape.com,Agender,132.2.239.245
844,Carlen,Capel,ccapelnf@usa.gov,Polygender,92.244.63.11
845,Aldrich,Giovanni,agiovanning@wp.com,Non-binary,142.229.111.134
846,Taryn,Gonoude,tgonoudenh@csmonitor.com,Genderfluid,6.23.2.138
847,Thorin,Rosander,trosanderni@buzzfeed.com,Female,90.211.215.232
848,Amery,Skaife d'Ingerthorpe,askaifedingerthorpenj@npr.org,Polygender,55.107.81.219
849,Murielle,Van Saltsberg,mvansaltsbergnk@slashdot.org,Agender,117.113.50.17
850,Udale,Shorey,ushoreynl@nymag.com,Polygender,244.193.229.131
851,Cyrill,Biddles,cbiddlesnm@census.gov,Female,38.147.95.164
852,Sarajane,Stanhope,sstanhopenn@prlog.org,Male,198.16.42.102
853,Hadrian,Longhi,hlonghino@odnoklassniki.ru,Bigender,31.223.22.219
854,Fleurette,Tomkinson,ftomkinsonnp@columbia.edu,Female,15.126.155.8
855,Vergil,Cron,vcronnq@weather.com,Genderfluid,11.99.202.9
856,Nydia,Winfindine,nwinfindinenr@craigslist.org,Bigender,173.75.88.66
857,Augusta,Denny,adennyns@nature.com,Male,114.237.244.70
858,Forester,Vanyashin,fvanyashinnt@patch.com,Agender,211.254.202.104
859,Adara,Ledgeway,aledgewaynu@yale.edu,Genderfluid,169.231.100.149
860,Pembroke,Skypp,pskyppnv@uiuc.edu,Genderfluid,14.49.0.238
861,Norman,Sterry,nsterrynw@edublogs.org,Non-binary,101.152.39.221
862,Vera,Mangeney,vmangeneynx@buzzfeed.com,Genderqueer,102.58.6.187
863,Cairistiona,MacAne,cmacaneny@cpanel.net,Male,162.28.5.108
864,Magdaia,Faragher,mfaraghernz@issuu.com,Bigender,118.60.37.5
865,Tannie,Longhorne,tlonghorneo0@fc2.com,Female,197.203.13.10
866,Hillyer,Bodleigh,hbodleigho1@army.mil,Genderqueer,145.178.245.179
867,Amalita,Lehrer,alehrero2@joomla.org,Non-binary,97.82.222.172
868,Mommy,MacKeeg,mmackeego3@marriott.com,Agender,12.99.94.153
869,Caryl,Hurford,churfordo4@i2i.jp,Genderqueer,55.36.98.224
870,Ravi,Counsell,rcounsello5@nature.com,Genderqueer,149.169.156.141
871,Dietrich,Florey,dfloreyo6@cocolog-nifty.com,Genderqueer,145.143.59.22
872,Fey,Lymer,flymero7@disqus.com,Non-binary,122.140.46.117
873,Meredeth,Pogosian,mpogosiano8@macromedia.com,Male,29.251.51.247
874,Marj,Glading,mgladingo9@java.com,Female,221.83.125.27
875,Reube,McFadyen,rmcfadyenoa@so-net.ne.jp,Male,118.32.223.11
876,Brodie,Milnthorpe,bmilnthorpeob@people.com.cn,Polygender,197.79.144.252
877,Ebenezer,MacCulloch,emaccullochoc@storify.com,Male,186.110.98.74
878,Milt,Fader,mfaderod@people.com.cn,Agender,223.182.115.253
879,Leah,Welman,lwelmanoe@ed.gov,Genderfluid,107.253.211.118
880,Lucila,Aspy,laspyof@kickstarter.com,Non-binary,213.116.37.17
881,Lissie,Addinall,laddinallog@scribd.com,Non-binary,154.216.121.234
882,Pascal,Petrie,ppetrieoh@odnoklassniki.ru,Genderfluid,35.20.73.172
883,Vidovic,Gownge,vgowngeoi@cbc.ca,Genderqueer,243.111.94.14
884,Stan,Punshon,spunshonoj@tripadvisor.com,Bigender,206.236.1.147
885,Euell,Reach,ereachok@webmd.com,Agender,185.229.6.7
886,Kaja,Vidgen,kvidgenol@digg.com,Non-binary,90.184.69.94
887,Sadie,Mattholie,smattholieom@hao123.com,Female,252.54.60.97
888,Ilka,Pallent,ipallenton@joomla.org,Polygender,176.52.201.43
889,Trever,Doniso,tdonisooo@samsung.com,Male,255.197.120.193
890,Linoel,Redholes,lredholesop@msu.edu,Genderqueer,8.17.110.211
891,Moira,Blabber,mblabberoq@nbcnews.com,Female,245.150.239.44
892,Delmore,Rickett,drickettor@friendfeed.com,Genderqueer,180.121.100.44
893,Cissy,Tomaszewski,ctomaszewskios@wikipedia.org,Genderqueer,221.2.190.236
894,Rana,Tchaikovsky,rtchaikovskyot@tinyurl.com,Male,35.88.40.117
895,Celisse,Novello,cnovelloou@statcounter.com,Male,96.219.233.204
896,Arvin,Tregaskis,atregaskisov@oaic.gov.au,Female,3.124.233.94
897,Brandy,Culvey,bculveyow@loc.gov,Agender,16.77.102.67
898,Joyce,O'Carran,jocarranox@php.net,Bigender,198.167.21.217
899,Catherin,Pyott,cpyottoy@examiner.com,Genderfluid,245.106.70.175
900,Martguerita,Farrimond,mfarrimondoz@howstuffworks.com,Agender,100.99.76.31
901,Rebbecca,Allgood,rallgoodp0@cafepress.com,Male,44.203.72.16
902,Franklyn,Poxton,fpoxtonp1@mediafire.com,Male,240.155.46.48
903,Rhodia,Iacivelli,riacivellip2@google.ca,Genderqueer,22.125.232.245
904,Derril,Musk,dmuskp3@deviantart.com,Male,136.241.156.106
905,Powell,Pounder,ppounderp4@posterous.com,Agender,138.210.72.53
906,Dorene,Aysik,daysikp5@sogou.com,Bigender,6.254.203.19
907,Linnie,Whooley,lwhooleyp6@nasa.gov,Non-binary,109.198.133.199
908,Annis,Davall,adavallp7@sfgate.com,Polygender,3.29.227.198
909,Mufinella,Oaker,moakerp8@discuz.net,Bigender,138.234.207.242
910,Kevina,Spensly,kspenslyp9@ask.com,Male,54.180.19.120
911,Denney,Witten,dwittenpa@indiatimes.com,Non-binary,106.59.170.204
912,Olivie,Mell,omellpb@baidu.com,Non-binary,110.25.97.171
913,Rand,Pallis,rpallispc@opensource.org,Female,0.95.219.93
914,Alberta,Rolph,arolphpd@umn.edu,Bigender,2.159.33.175
915,Hugo,Bosanko,hbosankope@mayoclinic.com,Genderfluid,22.166.231.179
916,Lemuel,Bartomeu,lbartomeupf@hugedomains.com,Genderfluid,175.245.44.216
917,Eberto,Tuffley,etuffleypg@opera.com,Polygender,92.28.46.104
918,Sarah,Rendle,srendleph@hostgator.com,Genderqueer,111.15.26.33
919,Locke,Bake,lbakepi@disqus.com,Agender,8.19.140.109
920,Tripp,Beverstock,tbeverstockpj@jiathis.com,Genderqueer,103.41.169.59
921,Sylvia,Stiegars,sstiegarspk@cnet.com,Polygender,158.90.47.135
922,Sigvard,Divver,sdivverpl@tuttocitta.it,Polygender,44.108.146.150
923,Berti,Bruin,bbruinpm@google.cn,Female,121.4.198.119
924,Madlen,Mablestone,mmablestonepn@163.com,Genderfluid,219.126.179.201
925,Blondell,Bierman,bbiermanpo@studiopress.com,Agender,24.120.141.74
926,Cleon,Moulton,cmoultonpp@vimeo.com,Female,241.69.6.185
927,Stephi,Mayte,smaytepq@amazon.de,Bigender,168.2.247.44
928,Fran,Lydiate,flydiatepr@cam.ac.uk,Non-binary,146.29.241.38
929,Lorant,Sempill,lsempillps@homestead.com,Female,151.157.118.31
930,Trip,Kuzma,tkuzmapt@salon.com,Non-binary,89.208.108.232
931,Martelle,Magrannell,mmagrannellpu@dedecms.com,Female,102.168.28.53
932,Ervin,Caile,ecailepv@adobe.com,Bigender,180.221.243.173
933,Isa,Shoreman,ishoremanpw@friendfeed.com,Genderqueer,212.101.231.183
934,Selena,Airton,sairtonpx@cmu.edu,Agender,137.19.224.124
935,Margeaux,Scowcraft,mscowcraftpy@howstuffworks.com,Bigender,24.173.34.235
936,Gustave,Lamminam,glamminampz@youku.com,Female,167.79.20.67
937,Ondrea,Smallsman,osmallsmanq0@studiopress.com,Agender,57.177.102.180
938,Zsa zsa,Peers,zpeersq1@paypal.com,Bigender,249.84.126.237
939,Mile,Gercke,mgerckeq2@google.fr,Genderqueer,109.241.93.208
940,Liza,Vel,lvelq3@earthlink.net,Agender,244.41.240.134
941,Terence,Skentelbery,tskentelberyq4@yolasite.com,Male,126.39.214.180
942,Elvira,Bartod,ebartodq5@freewebs.com,Non-binary,96.156.150.117
943,Jaime,St. Quintin,jstquintinq6@earthlink.net,Female,136.1.108.207
944,Olly,Rofe,orofeq7@baidu.com,Non-binary,32.128.180.7
945,Angelica,Fransman,afransmanq8@naver.com,Non-binary,4.171.171.160
946,Jorie,Creddon,jcreddonq9@1688.com,Polygender,32.17.236.72
947,Loree,Kirwood,lkirwoodqa@spiegel.de,Non-binary,79.193.156.12
948,Milo,Jeffryes,mjeffryesqb@fc2.com,Agender,244.181.19.131
949,Derk,Welbrock,dwelbrockqc@eepurl.com,Polygender,174.30.109.18
950,Agnese,Boddie,aboddieqd@about.com,Bigender,243.105.203.37
951,Clerc,Gutsell,cgutsellqe@addtoany.com,Female,200.21.61.198
952,Caz,Kirvin,ckirvinqf@guardian.co.uk,Agender,125.71.237.129
953,Millisent,Corkish,mcorkishqg@paginegialle.it,Polygender,221.199.236.218
954,Rowen,Doorey,rdooreyqh@yolasite.com,Bigender,199.152.199.202
955,Harri,Struys,hstruysqi@cdbaby.com,Male,70.14.22.35
956,Alverta,Brocks,abrocksqj@mapy.cz,Genderfluid,159.54.129.4
957,Ware,Glasscock,wglasscockqk@yahoo.co.jp,Non-binary,112.48.68.40
958,Stacia,Saffell,ssaffellql@economist.com,Non-binary,210.173.156.214
959,Malvina,Yeude,myeudeqm@sciencedaily.com,Genderqueer,54.175.131.28
960,Barnie,Fallows,bfallowsqn@newyorker.com,Bigender,190.74.21.106
961,Bell,Grayne,bgrayneqo@weebly.com,Male,123.232.225.97
962,Joey,Heiden,jheidenqp@goo.gl,Genderfluid,175.72.128.171
963,Aurelea,Whysall,awhysallqq@yellowbook.com,Male,63.141.76.141
964,Reinold,Duffield,rduffieldqr@geocities.jp,Female,178.64.96.29
965,Gae,Otley,gotleyqs@whitehouse.gov,Female,166.86.245.68
966,Sutherlan,Somers,ssomersqt@ezinearticles.com,Bigender,70.215.149.156
967,Doloritas,Raffin,draffinqu@ezinearticles.com,Non-binary,210.118.157.218
968,Leandra,Radnedge,lradnedgeqv@godaddy.com,Non-binary,65.78.152.172
969,Evaleen,Nutten,enuttenqw@ocn.ne.jp,Female,192.122.243.20
970,Brewster,Lesek,blesekqx@geocities.jp,Non-binary,7.207.142.34
971,Maia,Ironside,mironsideqy@senate.gov,Polygender,85.44.106.90
972,Tibold,Selly,tsellyqz@fotki.com,Polygender,249.135.189.94
973,Danny,Brimmicombe,dbrimmicomber0@omniture.com,Male,8.0.71.128
974,Torrin,Mauchline,tmauchliner1@uol.com.br,Bigender,216.140.214.4
975,Elmer,Claus,eclausr2@shareasale.com,Genderqueer,225.73.165.123
976,Nahum,Feldberg,nfeldbergr3@dropbox.com,Agender,8.96.200.142
977,Araldo,Aguilar,aaguilarr4@ucoz.ru,Non-binary,130.104.207.175
978,Hamnet,Dun,hdunr5@redcross.org,Bigender,135.70.195.234
979,Kain,Randall,krandallr6@jimdo.com,Male,196.248.180.39
980,Bary,Woliter,bwoliterr7@dion.ne.jp,Male,100.54.213.9
981,Valli,Sprules,vsprulesr8@blogspot.com,Male,237.207.148.171
982,Avery,Dedmam,adedmamr9@princeton.edu,Non-binary,76.49.4.237
983,Remington,Tunaclift,rtunacliftra@bing.com,Agender,78.168.38.1
984,Mead,Gyurko,mgyurkorb@sakura.ne.jp,Agender,131.121.228.167
985,Nappie,O' Clovan,noclovanrc@elegantthemes.com,Polygender,98.149.178.40
986,Dreddy,Veitch,dveitchrd@yahoo.com,Genderfluid,135.126.224.94
987,Larisa,Spottiswood,lspottiswoodre@github.com,Non-binary,93.156.193.106
988,Godiva,Rowswell,growswellrf@barnesandnoble.com,Polygender,32.122.103.227
989,Bobbette,Housiaux,bhousiauxrg@yandex.ru,Agender,3.133.217.173
990,Valle,Hellen,vhellenrh@miibeian.gov.cn,Genderfluid,42.120.171.29
991,Shane,Botright,sbotrightri@unicef.org,Genderfluid,139.106.52.70
992,Henrik,Gligori,hgligorirj@utexas.edu,Genderqueer,164.245.51.199
993,Darryl,Shannahan,dshannahanrk@cbsnews.com,Female,201.139.255.223
994,Ursuline,Dowbakin,udowbakinrl@scientificamerican.com,Male,169.132.81.28
995,Cicely,Brunn,cbrunnrm@cdbaby.com,Female,176.176.176.82
996,Perry,Comini,pcominirn@oracle.com,Bigender,96.255.14.247
997,Gayla,Preedy,gpreedyro@cbsnews.com,Male,197.187.148.178
998,Verge,Coppo,vcopporp@cmu.edu,Male,211.154.50.119
999,Salomi,Prestie,sprestierq@army.mil,Agender,79.127.122.138
1000,Brandtr,Amys,bamysrr@bing.com,Genderfluid,234.192.54.227
